J,R,E,M,E_Num,algo,n_subtypes,mallows_temperature,kendalls_w,runtime,kendalls_tau,subtype_acc,stage_mae,mean_stage_healthy,runtime_cross_validation,absolute_error_n_subtypes,relative_error,correct_bool
726,0.21,sn_kjOrdinalDM_xnjNormal,0,1,BebmS,3,0.39522540218257,0.7311577311577312,2.987681492169698,0.11616161616161617,0.3287187874648137,0.8801652892561983,0.06666666666666667,,,100,100
726,0.21,sn_kjOrdinalDM_xnjNormal,0,1,BebmS (Blind),3,0.39522540218257,0.7311577311577312,3.0412341197331747,0.23737373737373738,0.40560929259947265,0.90633608815427,0.05333333333333334,,1.0,100,100
726,0.21,sn_kjOrdinalDM_xnjNormal,0,1,Random Guessing,3,0.39522540218257,0.7311577311577312,0.0,0.46969696969696967,-0.0032740445653973898,4.260330578512397,6.1866666666666665,,1.0,100,100
726,0.21,sn_kjOrdinalDM_xnjNormal,0,1,SuStaIn (GMM),3,0.39522540218257,0.7311577311577312,4.898821715513865,0.3282828282828283,0.2953538895309089,1.628099173553719,2.1266666666666665,,,100,100
726,0.21,sn_kjOrdinalDM_xnjNormal,0,1,SuStaIn (KDE),3,0.39522540218257,0.7311577311577312,4.85067788362503,0.40404040404040403,0.08921506012541162,2.7079889807162534,3.6266666666666665,,,100,100
726,0.21,sn_kjOrdinalDM_xnjNormal,1,1,BebmS,3,0.4610256250651733,0.6534576534576535,7.833278199036916,0.25252525252525254,0.17503836917695678,1.7379310344827585,0.059602649006622516,,,100,100
726,0.21,sn_kjOrdinalDM_xnjNormal,1,1,BebmS (Blind),3,0.4610256250651733,0.6534576534576535,9.944123582045238,0.2727272727272727,0.14335162659217496,2.0386206896551724,1.8543046357615893,,2.0,100,100
726,0.21,sn_kjOrdinalDM_xnjNormal,1,1,Random Guessing,3,0.4610256250651733,0.6534576534576535,0.0,0.45454545454545453,-0.001775015906741838,4.115862068965518,6.211920529801325,,2.0,100,100
726,0.21,sn_kjOrdinalDM_xnjNormal,1,1,SuStaIn (GMM),3,0.4610256250651733,0.6534576534576535,15.298208105564118,0.17676767676767677,0.15550042509038314,1.2772413793103448,1.1059602649006623,,,100,100
726,0.21,sn_kjOrdinalDM_xnjNormal,1,1,SuStaIn (KDE),3,0.4610256250651733,0.6534576534576535,14.061333223183949,0.3080808080808081,0.011073102215935623,2.68,3.5165562913907285,,,100,100
726,0.21,sn_kjOrdinalDM_xnjNormal,2,1,BebmS,3,0.018534554818562553,0.6254856254856255,8.389557703336079,0.14646464646464644,0.3677377606508366,1.1475862068965517,0.23841059602649006,,,100,100
726,0.21,sn_kjOrdinalDM_xnjNormal,2,1,BebmS (Blind),3,0.018534554818562553,0.6254856254856255,10.791166166464487,0.20707070707070707,0.3373982246789249,1.136551724137931,0.25165562913907286,,2.0,100,100
726,0.21,sn_kjOrdinalDM_xnjNormal,2,1,Random Guessing,3,0.018534554818562553,0.6254856254856255,0.0,0.41919191919191917,-0.0008956649729255839,4.2827586206896555,5.993377483443709,,2.0,100,100
726,0.21,sn_kjOrdinalDM_xnjNormal,2,1,SuStaIn (GMM),3,0.018534554818562553,0.6254856254856255,13.886272501945495,0.20202020202020202,0.18692401605001258,1.2951724137931035,2.225165562913907,,,100,100
726,0.21,sn_kjOrdinalDM_xnjNormal,2,1,SuStaIn (KDE),3,0.018534554818562553,0.6254856254856255,14.453006180127462,0.3181818181818182,0.08078551617781467,2.308965517241379,3.0927152317880795,,,100,100
726,0.21,sn_kjOrdinalDM_xnjNormal,3,1,BebmS,3,0.1521950359093862,0.1623931623931624,2.9203992168108623,0.07070707070707072,0.8449503090297948,0.7258953168044077,0.0,,,100,100
726,0.21,sn_kjOrdinalDM_xnjNormal,3,1,BebmS (Blind),3,0.1521950359093862,0.1623931623931624,3.1253408551216126,0.09090909090909093,0.8076182819420985,1.078512396694215,0.0,,2.0,100,100
726,0.21,sn_kjOrdinalDM_xnjNormal,3,1,Random Guessing,3,0.1521950359093862,0.1623931623931624,0.0,0.32323232323232326,-0.002006357304829707,4.21763085399449,6.46,,2.0,100,100
726,0.21,sn_kjOrdinalDM_xnjNormal,3,1,SuStaIn (GMM),3,0.1521950359093862,0.1623931623931624,5.612447706858317,0.1464646464646465,0.7876678649689641,1.0289256198347108,0.88,,,100,100
726,0.21,sn_kjOrdinalDM_xnjNormal,3,1,SuStaIn (KDE),3,0.1521950359093862,0.1623931623931624,4.859642267227173,0.3181818181818182,0.015607539786259108,2.4628099173553717,3.2466666666666666,,,100,100
726,0.21,sn_kjOrdinalDM_xnjNormal,4,1,BebmS,3,0.29801584676334747,0.47785547785547783,3.9084492166837057,0.07575757575757576,0.5125653441821165,0.9434482758620689,0.152317880794702,,,100,100
726,0.21,sn_kjOrdinalDM_xnjNormal,4,1,BebmS (Blind),3,0.29801584676334747,0.47785547785547783,3.1440491636594134,0.17676767676767677,0.5280755017665385,1.0027586206896553,0.25165562913907286,,1.0,100,100
726,0.21,sn_kjOrdinalDM_xnjNormal,4,1,Random Guessing,3,0.29801584676334747,0.47785547785547783,0.0,0.4595959595959596,-0.0025443952651455774,4.24,5.960264900662252,,1.0,100,100
726,0.21,sn_kjOrdinalDM_xnjNormal,4,1,SuStaIn (GMM),3,0.29801584676334747,0.47785547785547783,5.128698678811391,0.2676767676767677,0.16914700028002205,1.470344827586207,1.900662251655629,,,100,100
726,0.21,sn_kjOrdinalDM_xnjNormal,4,1,SuStaIn (KDE),3,0.29801584676334747,0.47785547785547783,5.136671475569407,0.35858585858585856,0.17628826793014754,2.9117241379310346,4.814569536423841,,,100,100
726,0.21,sn_kjOrdinalDM_xnjNormal,5,1,BebmS,3,0.11540634106282159,0.28826728826728826,7.0911031047503155,0.1414141414141414,0.6662645002168375,0.9434482758620689,0.2582781456953642,,,100,100
726,0.21,sn_kjOrdinalDM_xnjNormal,5,1,BebmS (Blind),3,0.11540634106282159,0.28826728826728826,9.180900212128957,0.23232323232323235,0.6583221800622574,1.2110344827586208,1.1390728476821192,,1.0,100,100
726,0.21,sn_kjOrdinalDM_xnjNormal,5,1,Random Guessing,3,0.11540634106282159,0.28826728826728826,0.0,0.4343434343434343,0.002105370704830477,4.103448275862069,6.059602649006623,,1.0,100,100
726,0.21,sn_kjOrdinalDM_xnjNormal,5,1,SuStaIn (GMM),3,0.11540634106282159,0.28826728826728826,12.074887124697367,0.196969696969697,0.6765281972931125,1.6344827586206896,2.384105960264901,,,100,100
726,0.21,sn_kjOrdinalDM_xnjNormal,5,1,SuStaIn (KDE),3,0.11540634106282159,0.28826728826728826,12.609431326389313,0.34848484848484845,0.13818679732210612,2.4593103448275864,3.4966887417218544,,,100,100
726,0.21,sn_kjOrdinalDM_xnjNormal,6,1,BebmS,3,0.48698282706131224,0.6565656565656566,7.0052231272061665,0.09595959595959595,0.4450861271922728,0.8262068965517242,0.24503311258278146,,,100,100
726,0.21,sn_kjOrdinalDM_xnjNormal,6,1,BebmS (Blind),3,0.48698282706131224,0.6565656565656566,9.299314506848653,0.11616161616161617,0.3439837328687651,0.9420689655172414,0.17218543046357615,,1.0,100,100
726,0.21,sn_kjOrdinalDM_xnjNormal,6,1,Random Guessing,3,0.48698282706131224,0.6565656565656566,0.0,0.4696969696969697,-0.002086262589698505,4.206896551724138,5.543046357615894,,1.0,100,100
726,0.21,sn_kjOrdinalDM_xnjNormal,6,1,SuStaIn (GMM),3,0.48698282706131224,0.6565656565656566,12.260885790983837,0.29292929292929293,0.3647640541537934,1.513103448275862,2.4900662251655628,,,100,100
726,0.21,sn_kjOrdinalDM_xnjNormal,6,1,SuStaIn (KDE),3,0.48698282706131224,0.6565656565656566,12.48671814997991,0.2878787878787879,0.03244154255343959,2.268965517241379,3.5298013245033113,,,100,100
726,0.21,sn_kjOrdinalDM_xnjNormal,7,1,BebmS,3,0.49298041027195727,0.7451437451437452,3.59752977291743,0.2626262626262626,0.38895023927215505,1.223448275862069,0.0,,,100,100
726,0.21,sn_kjOrdinalDM_xnjNormal,7,1,BebmS (Blind),3,0.49298041027195727,0.7451437451437452,3.0251941760381063,0.2727272727272727,0.21834894011502298,1.7448275862068965,1.0794701986754967,,2.0,100,100
726,0.21,sn_kjOrdinalDM_xnjNormal,7,1,Random Guessing,3,0.49298041027195727,0.7451437451437452,0.0,0.5202020202020202,0.00048079372428216064,4.357241379310345,6.258278145695364,,2.0,100,100
726,0.21,sn_kjOrdinalDM_xnjNormal,7,1,SuStaIn (GMM),3,0.49298041027195727,0.7451437451437452,5.035047352313995,0.2171717171717172,0.24851081770022584,1.7020689655172414,2.0,,,100,100
726,0.21,sn_kjOrdinalDM_xnjNormal,7,1,SuStaIn (KDE),3,0.49298041027195727,0.7451437451437452,5.031990524133047,0.37878787878787873,-0.0018002638982925758,2.7517241379310344,3.9139072847682117,,,100,100
726,0.21,sn_kjOrdinalDM_xnjNormal,8,1,BebmS,3,0.42508789215397724,0.6845376845376845,2.6910888314247132,0.12121212121212122,0.35054932971859554,1.0550964187327823,0.026490066225165563,,,100,100
726,0.21,sn_kjOrdinalDM_xnjNormal,8,1,BebmS (Blind),3,0.42508789215397724,0.6845376845376845,3.0915712038675944,0.25252525252525254,0.14355709715521414,1.2837465564738293,0.17218543046357615,,2.0,100,100
726,0.21,sn_kjOrdinalDM_xnjNormal,8,1,Random Guessing,3,0.42508789215397724,0.6845376845376845,0.0,0.5252525252525252,0.0009379107464659488,4.085399449035813,5.894039735099338,,2.0,100,100
726,0.21,sn_kjOrdinalDM_xnjNormal,8,1,SuStaIn (GMM),3,0.42508789215397724,0.6845376845376845,5.581700197855631,0.3434343434343434,0.21169617162201992,2.1542699724517904,4.1655629139072845,,,100,100
726,0.21,sn_kjOrdinalDM_xnjNormal,8,1,SuStaIn (KDE),3,0.42508789215397724,0.6845376845376845,5.221020420392354,0.2777777777777778,0.06522348366604681,2.1074380165289255,3.225165562913907,,,100,100
726,0.21,sn_kjOrdinalDM_xnjNormal,9,1,BebmS,3,0.03552893983964603,0.2913752913752914,2.942345686753591,0.06060606060606061,0.7587720449615971,1.0124137931034483,0.12582781456953643,,,100,100
726,0.21,sn_kjOrdinalDM_xnjNormal,9,1,BebmS (Blind),3,0.03552893983964603,0.2913752913752914,3.629017456372579,0.0909090909090909,0.7033394537454083,0.8510344827586207,0.16556291390728478,,0.0,100,100
726,0.21,sn_kjOrdinalDM_xnjNormal,9,1,Random Guessing,3,0.03552893983964603,0.2913752913752914,0.0,0.393939393939394,-0.0022770839505882436,4.231724137931034,6.158940397350993,,0.0,100,100
726,0.21,sn_kjOrdinalDM_xnjNormal,9,1,SuStaIn (GMM),3,0.03552893983964603,0.2913752913752914,5.442346648375193,0.1313131313131313,0.6921423634945526,1.3448275862068966,1.423841059602649,,,100,100
726,0.21,sn_kjOrdinalDM_xnjNormal,9,1,SuStaIn (KDE),3,0.03552893983964603,0.2913752913752914,5.597989785671234,0.3434343434343434,0.17241707735637943,2.6579310344827585,4.3841059602649,,,100,100
